<?xml version="1.0" encoding="UTF-8"?>
<project-private xmlns="http://www.netbeans.org/ns/project-private/1">
    <editor-bookmarks xmlns="http://www.netbeans.org/ns/editor-bookmarks/2" lastBookmarkId="0"/>
    <open-files xmlns="http://www.netbeans.org/ns/projectui-open-files/2">
        <group>
            <file>file:/C:/UPO/Algoritmica%20II/EPD/ProblemasALG2_EPD1y2/src/problemas/Solution.java</file>
            <file>file:/C:/UPO/Algoritmica%20II/EPD/ProblemasALG2_EPD1y2/src/problemas/EPD1_P1.java</file>
            <file>file:/C:/UPO/Algoritmica%20II/EPD/ProblemasALG2_EPD1y2/src/problemas/EPD2_P1.java</file>
            <file>file:/C:/UPO/Algoritmica%20II/EPD/ProblemasALG2_EPD1y2/src/problemas/EPD1_P2.java</file>
        </group>
    </open-files>
</project-private>
