<?xml version="1.0" encoding="UTF-8"?>
<project-private xmlns="http://www.netbeans.org/ns/project-private/1">
    <editor-bookmarks xmlns="http://www.netbeans.org/ns/editor-bookmarks/2" lastBookmarkId="0"/>
    <open-files xmlns="http://www.netbeans.org/ns/projectui-open-files/2">
        <group>
            <file>file:/C:/Users/admin/Dropbox/UPO/Curso%202016-17/AL2/EPD/EPD03%20-%20Evolutionary%20Algorithm%20I/Material/Para%20colgar%20en%20CampusVirtual/TSP/src/Population.java</file>
            <file>file:/C:/Users/admin/Dropbox/UPO/Curso%202016-17/AL2/EPD/EPD03%20-%20Evolutionary%20Algorithm%20I/Material/Para%20colgar%20en%20CampusVirtual/TSP/src/Individual.java</file>
            <file>file:/C:/Users/admin/Dropbox/UPO/Curso%202016-17/AL2/EPD/EPD03%20-%20Evolutionary%20Algorithm%20I/Material/Para%20colgar%20en%20CampusVirtual/TSP/src/TSP.java</file>
        </group>
    </open-files>
</project-private>
