<?xml version="1.0" encoding="UTF-8"?>
<project-private xmlns="http://www.netbeans.org/ns/project-private/1">
    <editor-bookmarks xmlns="http://www.netbeans.org/ns/editor-bookmarks/2" lastBookmarkId="0"/>
    <open-files xmlns="http://www.netbeans.org/ns/projectui-open-files/2">
        <group>
            <file>file:/C:/Users/Manuel/Documents/MEGA/Curso%202016-2017/AL2%20-%20Algoritmica%20II/EPD/EPD03/EPD03-P2/src/epd03/p2/Individual.java</file>
            <file>file:/C:/Users/Manuel/Documents/MEGA/Curso%202016-2017/AL2%20-%20Algoritmica%20II/EPD/EPD03/EPD03-P2/src/epd03/p2/Population.java</file>
            <file>file:/C:/Users/Manuel/Documents/MEGA/Curso%202016-2017/AL2%20-%20Algoritmica%20II/EPD/EPD03/EPD03-P2/src/epd03/p2/Gene.java</file>
        </group>
    </open-files>
</project-private>
