<?xml version="1.0" encoding="UTF-8"?>
<project-private xmlns="http://www.netbeans.org/ns/project-private/1">
    <editor-bookmarks xmlns="http://www.netbeans.org/ns/editor-bookmarks/2" lastBookmarkId="0"/>
    <open-files xmlns="http://www.netbeans.org/ns/projectui-open-files/2">
        <group>
            <file>file:/C:/Users/admin/Dropbox/UPO/Curso%202016-17/AL2/EPD/EPD04%20-%20Evolutionary%20Algorithms%20II/Material/Knapsack/KnapsackGA/src/Knapsack.java</file>
            <file>file:/C:/Users/admin/Dropbox/UPO/Curso%202016-17/AL2/EPD/EPD04%20-%20Evolutionary%20Algorithms%20II/Material/Knapsack/KnapsackGA/src/Ejercicio1.java</file>
        </group>
    </open-files>
</project-private>
