<?xml version="1.0" encoding="UTF-8"?>
<project-private xmlns="http://www.netbeans.org/ns/project-private/1">
    <editor-bookmarks xmlns="http://www.netbeans.org/ns/editor-bookmarks/2" lastBookmarkId="0"/>
    <open-files xmlns="http://www.netbeans.org/ns/projectui-open-files/2">
        <group>
            <file>file:/E:/AL2/EPD/EPD07%20-%20Memetic%20Algorithms/Material/Ejercicio%201/Solución/TSP/src/TSP.java</file>
            <file>file:/E:/AL2/EPD/EPD07%20-%20Memetic%20Algorithms/Material/Ejercicio%201/Solución/TSP/src/Population.java</file>
        </group>
    </open-files>
</project-private>
